{
  "title": "Sobre nós",
  "meta_title": "Sobre nós",
  "meta_description": "Sobre nós",
  "body": "<span style=\"text-align: center; font-weight: 500; font-size:1.2rem\">\n\n![Logo Grupo Projeart](/img/uploads/logo-grupo-projeart-small.png)\n\nSomos fabricantes de porta banners a mais de 20 anos.\nAo longo desses anos adquirindo \nexperiência, \n\nconseguimos expandir nossa \nvariedade de produtos para as mais diversas áreas.\n\nDesde suportes para comunicação visual, como porta banners, tripés para holofotes \n\ne fundos infinitos até artigos de casa e decoração.\n\n</span>",
  "sections": []
}