{
  "meta_title": "Full Vendas",
  "meta_description": "Os melhores suportes para banners, produtos para audiovisual, casa e decoração e muito mais. ",
  "sections": [
    {
      "type": "banner-slider",
      "autoplay": 9000,
      "full_width": false,
      "slides": [
        {
          "start": "",
          "end": "",
          "link": "https://vendasfull.com.br/nicho-de-parede-que-vira-escrivaninha-home-office-notebook",
          "img": "/img/uploads/banner_prateleira.webp",
          "alt": "banner prateleira estante",
          "mobile_img": "/img/uploads/31495-banner_bancada.webp"
        },
        {
          "start": "",
          "end": "",
          "img": "/img/uploads/banner_ring_light_desktop.webp",
          "mobile_img": "/img/uploads/banner_ring_light_mobile.webp",
          "link": "https://vendasfull.com.br/tripes-para-holofote",
          "alt": "Banner Informativo Holofotes"
        },
        {
          "start": "",
          "end": "",
          "img": "/img/uploads/banner-fotografia-fullvendas.webp",
          "mobile_img": "/img/uploads/banner-fotografia-fullvendas-mobile.webp",
          "link": "https://vendasfull.com.br/estudio-e-iluminacao",
          "alt": "Banner Fotografica"
        },
        {
          "start": "",
          "end": "",
          "img": "/img/uploads/banner-estudio-fullvendas-web.webp",
          "mobile_img": "/img/uploads/banner-estudio-fullvendas-mobile.webp",
          "link": "https://vendasfull.com.br/estudio-e-iluminacao",
          "alt": "Banner Produtos Estúdio"
        },
        {
          "start": "",
          "end": "",
          "img": "/img/uploads/districuicao_nacional.webp",
          "mobile_img": "/img/uploads/banner-distribuicao-nacional-mobile.webp",
          "alt": "Banner Distribuição Nacional"
        }
      ]
    },
    {
      "type": "info-bar",
      "enabled": true
    },
    {
      "type": "collection-shelf",
      "shuffle": true,
      "collection_id": null,
      "sort": "offers",
      "title": "",
      "headless": false,
      "limit": 12,
      "page": 1
    },
    {
      "type": "responsive-banner",
      "img": "/img/uploads/banner-porta_banners_3.webp",
      "link": "https://vendasfull.com.br/porta-banners",
      "alt": "Banner Porta Banners Projeart",
      "mobile_img": "/img/uploads/banner-porta-banners-mobile.webp"
    },
    {
      "type": "responsive-banner",
      "img": "/img/uploads/banner-producao-2.webp",
      "mobile_img": "/img/uploads/section-producao-mobile.webp"
    },
    {
      "type": "responsive-banner",
      "img": "/img/uploads/banner-prateleira_3.webp",
      "mobile_img": "/img/uploads/section-prateleira-mobile.webp",
      "link": "https://www.vendasfull.com.br/nicho-de-parede-que-vira-escrivaninha-home-office-notebook",
      "alt": "Banner Prateleira"
    },
    {
      "type": "custom-html",
      "html": "<style>\n  @media (max-width: 575px){\n    .bancada{\n        display:none;\n    }\n  }\n</style>\n\n<a href=\"https://vendasfull.netlify.app/nicho-de-parede-que-vira-escrivaninha-home-office-notebook\">\n  <img class=\"bancada\" src=\"/img/uploads/banner-bancada_2.webp\" alt=\"Banner Bancada Notebook\">\n</a>"
    },
    {
      "type": "responsive-banner",
      "img": "/img/uploads/section-fundo-infinito.webp",
      "mobile_img": "/img/uploads/section-fundo-infinito-mobile.webp",
      "link": "https://www.vendasfull.com.br/suporte-para-fundo-infinito",
      "alt": "Banner Suporte para Fundo Infinito"
    },
    {
      "type": "responsive-banner",
      "img": "/img/uploads/section-fundo-infinito-chroma.webp",
      "mobile_img": "/img/uploads/section-fundo-infinito-chroma-mobile.webp",
      "link": "https://www.vendasfull.com.br/tecidos-oxford",
      "alt": "Banner Fundo Infinito Chroma Key"
    },
    {
      "type": "responsive-banner",
      "img": "/img/uploads/section-fundo-infinito-cores.webp",
      "mobile_img": "/img/uploads/section-fundo-infinito-cores-mobile.webp",
      "link": "https://www.vendasfull.com.br/tecido-oxford-15m-x-22m",
      "alt": "Banner Cores de Fundo Infinito"
    },
    {
      "type": "responsive-banner",
      "img": "/img/uploads/section-fundo-fotografico.webp",
      "link": "https://www.vendasfull.com.br/impressao-em-tecido",
      "alt": "Banner Fundos FOtográficos Temáticos",
      "mobile_img": "/img/uploads/section-fundo-fotografico-mobile.webp"
    },
    {
      "type": "responsive-banner",
      "img": "/img/uploads/section-sup-celular.webp",
      "link": "https://www.vendasfull.com.br/tripes-para-celular",
      "alt": "Banner Tripés para Celular",
      "mobile_img": "/img/uploads/section-sup-celular-mobile.webp"
    },
    {
      "type": "responsive-banner",
      "img": "/img/uploads/section-sup-camera.webp",
      "link": "https://www.vendasfull.com.br/tripes-para-celular",
      "alt": "Banner tripé para webcam",
      "mobile_img": "/img/uploads/section-sup-camera-mobile.webp"
    },
    {
      "type": "responsive-banner",
      "img": "/img/uploads/section-produtos.webp",
      "mobile_img": "/img/uploads/section-produtos-mobile.webp",
      "alt": "Banner Variedade de Produtos"
    },
    {
      "type": "responsive-banner",
      "mobile_img": "/img/uploads/avaliacao-mobile-1.webp",
      "img": "/img/uploads/avaliacao-banner-1.webp",
      "alt": "Avaliações Mercado Livre"
    },
    {
      "type": "responsive-banner",
      "img": "/img/uploads/banner-grupo-projeart-2.webp",
      "alt": "Banner Sobre a Projeart",
      "mobile_img": "/img/uploads/section-grupo-projeart-mobile.webp"
    }
  ]
}