{
  "shipping": {
    "show": true,
    "text": "Distribuição nacional, Produtos à pronta entrega, Nota fiscal, Envio imediato, Garantia de fábrica."
  },
  "installments": {
    "show": true,
    "text": "Parcele em até 12x sem juros. Seja mais um cliente satisfeito do Full Vendas, pioneira no segmento e a maior fabricante do Brasil."
  },
  "exchange": {
    "show": false,
    "text": "Não gostou? A primeira troca é gratuita"
  },
  "promo": {
    "show": true,
    "text": "Promoções e campanhas todos os meses. Fique ligado!"
  }
}